artista,bio_resumen,listeners
HARDY,"HARDY (Michael Wilson Hardy, born September 13, 1990, in Philadelphia, Mississippi) is an American singer, songwriter, and producer known for his bold fusion of country music with rock and alternative influences. Emerging first as a prolific songwriter in Nashville, HARDY penned hits for top country artists including Blake Shelton (“God’s Country”), Morgan Wallen (“Sand in My Boots”), and Florida Georgia Line (“Simple”), earning widespread acclaim and multiple industry accolades.",209685
Zac Brown Band,"Zac Brown Band is an American country music band based in Atlanta, Georgia. The band has released seven studio albums along with two live albums, one greatest-hits album, and two extended plays. They have also 16 singles on the Billboard Hot Country Songs or Country Airplay chart, of which 13 have reached #1. Their first album, The Foundation, is certified triple-platinum by the Recording Industry Association of America, while its follow-ups, You Get What You Give and Uncaged, are certified platinum.",1006484
Dan + Shay,"Dan + Shay is an American country music duo composed of Dan Smyers and Shay Mooney. The duo is signed to Warner Bros. Records Nashville and has released its debut single ""19 You + Me"", which has charted on Country Airplay and Hot Country Songs.
Before the duo's foundation, Mooney was a solo artist on T-Pain's Nappy Boy Entertainment label, and Smyers was a member of a group called Bonaventure as well as a previous member of the band Transition on Floodgate Records label.",714184
George Strait,"George Strait is a country music singer, songwriter, actor, and producer. Known as the ""King of Country"", Strait is one of the most influential and popular recording artists of all time. Strait has sold more than 100 million records worldwide, making him one of the best-selling music artists of all time. His certifications from the RIAA include 13 multi-platinum, 33 platinum, and 38 gold albums. His best-selling album is Pure Country (1992), which sold 6 million (6× platinum).",927271
Willie Nelson,"Willie Hugh Nelson (born April 29, 1933) is an American musician, actor, and activist. The critical success of the album Shotgun Willie (1973), combined with the critical and commercial success of Red Headed Stranger (1975) and Stardust (1978), made Nelson one of the most recognized artists in country music. He was one of the main figures of outlaw country, a subgenre of country music that developed in the late 1960s as a reaction to the conservative restrictions of the Nashville sound.",1569277
Dasha,"There are multiple artists named Dasha: 1) a Czech singer,  2) a Mexican band; 3) an American pop and country singer 4) an indie rock/emo band from Rochester NY active from 2007 to 2010.

1) Dasha is the stage name of Dagmar Sobková, a female pop singer and actress from the Czech Republic. She released her debut album ""...do peřin"" in 1997, after which she focused on her theater career. She came back in 2017 with her second album ""Konečně"", which reached #6 in the Czech chart.",526274
Kacey Musgraves,"Kacey Musgraves (born August 21, 1988) is an American country artist from Golden, Texas. Kacey began singing publicly at 8-years-old and wrote her first song at 9-years-old. With a self-released album under her belt, she moved to Austin in 2008, where she was discovered by independent record label Triple Pop, for whom she recorded two songs, Apologize and See You Again.

In 2012, she signed with Mercury Records and released her solo debut single Merry Go 'Round.",1108050
Lady A,lady antebelum,655405
Jelly Roll,"Jason Bradley DeFord (born December 4, 1984 in Antioch, TN), known professionally by his stage name Jelly Roll (sometimes written as JellyRoll), is an American rapper known for his collaborations with Lil Wyte, Struggle Jennings, Tech N9ne, Merkules, and Ryan Upchurch.

Jason DeFord grew up in Nashville, Tennessee, in the southside community of Antioch.

Jelly Roll's 2010 collaboration ""Pop Another Pill"" with Memphis rapper Lil Wyte reached over 6.",311162
Brett Eldredge,"Some life-changing moments are only apparent in retrospect. Brett Eldredge recognized his as it was happening.

The Paris, IL, native was visiting Nashville for the first time early in his sophomore year at Chicago's Elmhurst College. He was at the Station Inn, an historic bluegrass/country venue where many of the greats of both worlds have played. His cousin Terry, a veteran of Dolly Parton's band and now a member of the Grascals, was playing with a band called the Sidemen, and a mesmerized Brett was in the crowd.",511208
Alan Jackson,"Alan Eugene Jackson (born October 17, 1958) is an American country music singer, known for blending traditional honky tonk and mainstream country sounds and penning many of his own hits. He has recorded 14 studio albums, three Greatest Hits albums, two Christmas albums, one Gospel album and several compilations, all on the Arista Nashville label. More than 50 of his singles have appeared on Billboard's list of the ""Top 30 Country Songs"". Of Jackson's entries, 35 were number-one hits, with 50 in the Top 10.",1051161
Carrie Underwood,"Carrie Marie Underwood (born March 10, 1983) is an American singer who rose to prominence after winning the fourth season of American Idol in 2005. Underwood's single ""Inside Your Heaven"" made her the only country artist to debut atop the Billboard Hot 100 chart and the only solo country artist in the 2000s to have a number-one song on the Hot 100. Her debut album, Some Hearts (2005), was bolstered by the successful crossover singles ""Jesus, Take the Wheel"" and ""Before He Cheats""",1798314
KALEO,"Kaleo is an Icelandic blues rock band established in 2012 and their first major public appearance Iceland Airwaves Music Festival in November 2012. Their fame came through ""Vor í vaglaskógi"" as it was included on heavy rotation on Icelandic state broadcaster RÚV's radio station Rás 2 featuring on top of the stations Top 10.

The band consists of lead vocalist and guitarist Jökull Júlíusson, drummer David Antonsson, bassist Daniel Kristjansson, lead guitarist Rubin Pollock and harmonicist Þorleifur Gaukur Davíðsson.",1166933
John Denver,"Henry John Deutschendorf Jr. (December 31, 1943 – October 12, 1997), known professionally as John Denver, was an American musician, singer-songwriter, record producer, activist, actor, and humanitarian, whose greatest commercial success was as a solo singer, starting in the 1970s. He was one of the most popular acoustic artists of the decade and one of its best-selling artists. By 1974, he was firmly established as America's best selling performer, and AllMusic has described Denver as ""among the most beloved entertainers of his era"".",1718955
Sam Barber,"Sam Barber (born April 15, 2003) is an American singer-songwriter from Frohna, Missouri. Raised on his family's farm, he discovered his musical talent at 16 after learning about his great-grandfather's musical talents. Initially focused on athletics and academics, Barber began sharing his music on TikTok in 2021, and auditioned for the twentieth season of American Idol, although his audition never aired. His single ""Straight and Narrow,"" released in November 2022",270728
Johnny Cash,"Johnny Cash (born J.R. Cash; February 26, 1932 – September 12, 2003) was an American singer, guitarist, actor, songwriter, author. He is one of the best-selling music artists of all time, having sold more than 90 million records worldwide. Although primarily remembered as a country music icon, his genre-spanning songs and sound embraced rock and roll, rockabilly, blues, folk, and gospel.

Cash was known for his deep, calm bass-baritone voice, the",4043320
Jon Pardi,"Jon Pardi is an American country music singer and songwriter. Pardi has charted 14 singles on the Billboard Hot Country Songs and Country Airplay charts, with four hitting #1 on the latter: ""Head Over Boots"", ""Dirt On My Boots"", ""Heartache Medication"", and ""Last Night Lonely"". Signed to Capitol Nashville, he has released four studio albums: Write You A Song (2014), California Sunrise (2016), Heartache Medication (2019), and Mr. Saturday Night (2022). Pardi's music style is defined by neotraditional country influences.",353339
Luke Bryan,"Luke Bryan is a country music singer, songwriter, and television personality. He is one of the world's best-selling music artists, with over 75 million records sold. Bryan is a five-time ""Entertainer of the Year"", being awarded by both the Academy of Country Music Awards and the Country Music Association. In 2019, Bryan's 2013 album Crash My Party received the first Album of the Decade award from the Academy of Country Music. Since 2018, Bryan has been a judge on the singing competition television show American Idol.",1102858
Hozier,"Andrew Hozier-Byrne (born 17 March 1990), known mononymously as Hozier, is an Irish musician and singer-songwriter from Bray, County Wicklow, Ireland. In 2013 he released his debut EP, featuring the hit single ""Take Me to Church"", and his second EP ""From Eden"" in 2014. His debut studio album, ""Hozier"", was released in Ireland in September 2014 and globally in October 2014.

Hozier was born in Bray, County Wicklow, Ireland.  His mother is the visual artist Raine Hozier-Byrne (who also designed his latest album cover).",3218092
Kenny Rogers,"Kenneth Ray Rogers (August 21, 1938 – March 20, 2020) was a prolific American country music singer, songwriter, actor, record producer, businessman, and entrepreneur. Kenny Rogers graduated from Jefferson Davis High School in Houston. He was elected to the Country Music Hall of Fame in 2013. Though he was most successful with country audiences, Rogers charted more than 120 hit singles across various music genres, topped the country and pop album charts for more than 200 individual weeks in the United States alone",909771
Jason Aldean,"Jason Aldean is a country music singer and songwriter. He's had 30 of his singles hit #1 on the Hot Country Songs or Country Airplay charts.

Since 2005, Aldean has been signed to Broken Bow Records, a record label for which he has released 11 albums and 40 singles. His 2010 album, My Kinda Party, is certified quadruple-platinum by the Recording Industry Association of America (RIAA). His 2012 album Night Train is certified double-platinum, while his 2005 self-titled debut",1061222
Cody Johnson,"In a time of synthetics and plastics, folks appreciate the real thing. Musically, we look for songs that reach beyond our eardrums, touching our hearts. Cody Johnson's unique blend of country and rock does just that.

Many Texan music fans met Cody Johnson’s honest style through the radio singles from his ""Six Strings, One Dream"" album: ""Nobody to Blame"" (#6 on the Texas music charts in 2009);  #1""Pray for Rain"" (2009 - 2010); and ""Texas Kind of Way"" (#6, late 2010 – 2011).",249910
Shaboozey,"Collins Obinna Chibueze (born May 9, 1995 in Woodbridge, VA), known by his stage name Shaboozey, is a Nigerian-American musician, singer-songwriter, filmmaker, and record producer. His music combines  hip hop,  country,  rock, and  Americana. In 2024, he gained attention after collaborating with Beyoncé on two tracks from her eighth studio album; ""Cowboy Carter"". His first release following the collaborations with Beyoncé, ""A Bar Song (Tipsy)"",",711433
Dolly Parton,"Dolly Rebecca Parton (born January 19, 1946 in  Sevierville, Tennessee, U.S.) is an American country singer, songwriter, composer, producer, entrepreneur, author and actress.

Parton began performing as a child, singing on local radio and television in East Tennessee. At age 12 she was appearing on Knoxville TV, and at 13, she was recording on a small label and appearing at the Grand Ole Opry in Nashville. When she graduated from high school in 1964 she moved to Nashville",2212676
Blake Shelton,"Blake Tollison Shelton is a country music singer and television personality. Shelton has charted 50 singles, including 30 #1's, 17 of which were consecutive. The 11th #1  (""Doin' What She Likes"") broke ""the record for the most consecutive #1 singles in the Country Airplay chart's 24-year history"". Throughout his career, he has received nine Grammy Award nominations, including two for Best Country Album.

In 2001, he made his debut with the single ""Austin"".",1089744
Morat,"Morat is a Colombian band formed in the country's capital city, Bogotá. The band is formed by Juan Pablo Isaza (guitars and vocals), Juan Pablo Villamil (banjo and vocals) and the brothers Simón Vargas (bass and choruses) and Martín Vargas (percussion and choirs). Previously, until the end of 2016, drummer Alejandro Posada had been in the band, but the percussionist had to leave the project, being subsequently replaced by Martín Vargas.

They began to stand out internationally in 2015",292613
Milo j,"Camilo Joaquín Villarruel nació el 25 de octubre de 2006, en la ciudad de Morón, ubicada en la zona oeste del Gran Buenos Aires (Argentina). Fue el tercer hijo del matrimonio conformado por Walter Villarruel y Aldana Celeste Ríos.​ Su interés por la música comenzó a los 8 u 9 años, inspirado por su hermana, con quién escribía sus propias canciones y lo llevaba a participar en las competencias de freestyle.",243732
Beéle,"Brandon De Jesús López Orozco, mejor conocido como Beéle, es un cantante y autor enfocado en sonidos del caribe y el mundo urbano. Nacido en Barranquilla, Colombia, el cantante de 17 años empezó su carrera a los 13 años.

En el 2019, fue firmado por DJ Luian y Mambo Kingz: Hear This Music, con el tema “Loco” como su debut. Beéle ha colaborado con otros artistas, como Montano, Totoy, Farruko, Natti Natasha, Manuel Turizo, entre otros.",189439
Prince Royce,"Geoffrey Royce Rojas was born and raised in the Bronx, New York. His parents are both from the land of bachata, The Dominican Republic. His parents got divorced, so it was just him, his mom, and siblings. Geoffrey loved singing, so one day he asked permission to remake the song ""Stand By Me"". After that song the record company signed him, and he makes many songs. His two popular songs are ""Stand By Me"" and ""Corazon Sin Cara"". He has won two Latin Grammy Awards!",704835
ROA,"There are at least six artists called ROA:
1) Rise Of Artificial is a musical project founded during the autumn of 2010, by two of the greatest/most prodigious electronic music producers in Romania, Bogdan Popoiag (UNU') and Cezar Stănciulescu (Junkyard, Șuie Paparude).
The radio premiere of the project took place on the 10th November, by the release of the first single entitled ''Ne place'' -- ''We like it'', which was first presented on Radio Guerilla.",70617
J Balvin,"José Álvaro Osorio Balvin (born May 7, 1985), known professionally as J Balvin, is a Colombian reggaeton singer. Balvin was born in Medellín, Colombia, where he became interested in music at a young age. At age 17, he moved to the United States and learned English, which influenced the music he would make later. He then returned to Medellín and gained local popularity by performing at various clubs around the city.

Though his music is primarily reggaeton",1671856
Quevedo,Pedro Luis Domínguez Quevedo es un cantante de música urbana y rapero español radicado en Canarias.​​,362303
De La Rose,,67634
Blessd,"Stiven Mesa Londoño (Itagüí, January 27, 2000), known by his stage name Blessd, is a Colombian singer, songwriter and sports manager.

In October 2021, he signed with Warner Music Latina and released his first studio album called ""Hecho en Medellín"". One of his songs was inspired by Octavio Mesa. His most popular song from the album, titled ""MEDALLO"", reached number 1 in Colombia and has more than 431 million views on YouTube. In March 2022, he was nominated for three Heat Latin Music Awards",242893
Don Omar,"William Omar Landrón (born February 10, 1978 in Puerto Rico), better known as Don Omar, is a reggaeton singer. He is one of the most well known reggaeton artists in Latin America. His cross over success in the U.S. has given him more exposure to English speaking Reggaeton fans, making him one of the more recognizable faces of Reggaeton along with Daddy Yankee and Tego Calderón. Don Omar's popularity is currently rising and he recently appeared on MTV.",1704802
Yung Beef,"Fernando Gálvez Gómez, known artistically as Yung Beef, is a Spanish singer, rapper, record producer and model. He is known for his mixing of trap, salsa and reggaeton, as well as his bold fashion sense. 
He began to become popular as a member of the extinct PXXR GVNG (today Los Santos), which was the first trap collective to sign with a multinational, but now he runs his own record label, La Vendición. He later gained popularity in the Spanish rap scene with his acclaimed mixtape A.",138448
Shakira,"Shakira Isabel Mebarak Ripoll is a Colombian singer. Born and raised in Barranquilla, She made her recording debut with Sony Music Colombia at the age of 13. Following the commercial failure of her first two albums, Magia (1991) and Peligro (1993), she rose to prominence in Hispanic countries with her next albums, Pies Descalzos (1995) and Dónde Están los Ladrones? (1998). She entered the English-language market with her fifth album, Laundry Service (2001), which sold over 13 million copies worldwide.",4697837
Mora,"There are at least two artists with the name Mora, one being a Puerto Rican singer and the other being a Slovenian metal band.

1) Mora is a Puerto Rican singer and producer.

2) MORA had their first appearance in the metal world on November 23rd 2007, when they introduced themselves for the first time to their home crowd after just a few weeks of practice. Then with Jupoll (Vocals, Guitar), Nazgul (Guitar), Scavenger (Bass, Back Vocals) and Zli (Drums).",425760
Feid,"Salomón Villada Hoyos, also known as Ferxxo or Feid, is a prominent Colombian singer and songwriter in urban music. Born on August 19, 1992, in Medellín, Colombia, he developed a passion for music from a young age and participated in music extension courses with his parents. Starting with the clarinet, he later shifted his focus to his voice and became a member of the University of Antioquia choir.

Since 2015, Feid has dedicated himself to singing and songwriting",605291
KAROL G,"Carolina Giraldo Navarro, professionally known as Karol G, is a Colombian singer. She is predominantly described as a reggaeton and Latin trap artist but has experimented with a variety of other genres including reggae and sertaneja. In 2018, she won the Latin Grammy Award for Best New Artist and has been nominated for several Billboard Latin Music Awards and Premios Lo Nuestro awards.

Born and raised in Medellín, Giraldo launched her career as a teenager, appearing on the Colombian version of The X Factor at age 14 in 2004.",1350386
Duki,"Mauro Ezequiel Lombardo Quiroga, conocido artísticamente como Duki, es uno de los artistas más influyentes y populares en la escena del trap y la música urbana en Argentina y América Latina. Nació el 24 de junio de 1996 en Almagro, Buenos Aires.

Inicios en la música

Duki empezó a ganar notoriedad en la escena del freestyle argentino, particularmente en la competencia ""El Quinto Escalón"", junto a otros artistas emergentes como Ysy A y Neo Pistea.",283666
Romeo Santos,"Anthony ""Romeo"" Santos (born July 21, 1981) is an American singer, featured composer and lead singer of the Bachata group Aventura. As a member of Aventura, Santos has been a key figure in popularizing Bachata, with hits reaching near the top of the Billboard Latin charts and the top of charts in Europe. In 2002, the band's song ""Obsesión"" was number one in Italy for sixteen consecutive weeks. Santos was born in The Bronx, New York, United States to a Dominican father and a Puerto Rican mother.",748498
Ozuna,"Juan Carlos Ozuna Rosado (born March 13, 1992), known simply by his surname Ozuna , is a Puerto Rican Latin trap and reggaeton singer who is regarded as the "" New King of Reggaeton"". He has released two successful albums Odisea (2017) and Aura (2018), and since the beginning of his career, he has sold around 15 million records, making him one of the best-selling Latin music artists of all time. He made his acting debut in the film Que León.",875917
Arcángel,"Austin Santos, conocido como Arcangel, nació en Nueva York el 23 de diciembre de 1985. Honrando su ascendencia puertorriqueño-dominicana, se trasladó a Puerto Rico en 1999 para dedicarse al reggaetón.

En 2007, Arcangel comenzó su carrera solo trabajando en un sencillo con DJ Nelson, considerado el padrino del reggaetón. La canción, “Chica Virtual”, apareció en el álbum de recopilación de Nelson “Flow La Discoteka 2” y se hizo popular en las radios urbanas.",405289
Ñengo Flow,"Edwin Rosa, publicly popular as ""Ñengo Flow"" is a hip hop artist and composer of Puerto Rican music. Its fast and complex letters have referred to as the ""Real G"" urban type.

Flow Ñengo born on October 15, 1981 in the town of Rio Piedras. This great rapper grew and raised in the town of Bayamon, Puerto Rico. It is there since childhood he was interested the world of urban music. His beginnings as a rapper were developed with letters of the street, everyday living Edwin Rosa.",226063
Nicky Jam,"Nick Rivera Caminero better known as Nicky Jam was born to a Puerto Rican father and a Dominican mother in 1980 in Boston Massachussets which he live in until he was six and moved to 
Barrio Obrero, P.R. He is a reggaeton artist known for hits like:
""Me Voy Pa'l Party"" ""Chambonea"" 
""No Soy Tu Marido"" ""I'm Not Your Husband"" which is a remix in spanglish of ""No Soy Tu Marido""",999404
Farruko,"Farruko is a reggaeton and Latin pop singer from Puerto Rico. His given name is Carlos Efren Reyes, and he was born in Bayamon, Puerto Rico in 1991. At the age of 16, he began to post his songs under his stage name to MySpace. His first single, ""Sexo Fuera del Planeta,"" gained thousands of followers, and from there he explored the potential of other social media networks. Due to his massive success on the Internet, he came to the attention of Puerto Rican radio and music industry executives, who enlisted his vocal talents for other artists.",773170
Daddy Yankee,"Ramón ""Raymond"" Luis Ayala Rodríguez (born February 3, 1977), known artistically as Daddy Yankee, is a Latin Grammy Award winning Puerto Rican reggaeton recording artist. Ayala was born in Río Piedras, the largest district of San Juan, Puerto Rico, where he became interested in music at a young age. In his youth he was interested in baseball, and aspired to become a Major League Baseball player. He was unable to continue this sport when he got shot in the leg by being mistaken for his friend by a unknown man",2108643
Dei V,,124292
Maluma,"Juan Luis Londoño Arias (Born January 28, 1994, Medellín, Colombia), is a singer of Colombian nationality. He began his musical career at an early age in his hometown of Medellín, there has developed an established career in Latin America, becoming nominated for several awards from major musical relevance.

Prior to serving as a singer, Maluma started in football, a sport he practiced for eight years in a row, reaching the lower divisions of the equipment Atlético Nacional and La Equidad.",949322
Bill Evans,"There are at least three artists with this name: a jazz pianist, a jazz saxophonist and a banjo player.

1.) Bill Evans (born William John Evans; 16th August 1929-15th September 1980) was one of the most famous jazz pianists of the twentieth century. Along with McCoy Tyner and Oscar Peterson, he was the force behind the biggest evolution in jazz piano since Art Tatum and Bud Powell. 

His use of impressionistic harmony, his inventive interpretation of traditional jazz repertoire",1148009
berlioz,A scrumptious blend of Jazz and House music by Jasper Edward Attlee and Robin Phillips.,767182
Miles Davis,"Miles Davis (Miles Dewey Davis III, Alton, Illinois, May 26, 1926 – Santa Monica, California, September 28, 1991) was an American trumpeter, bandleader and composer.

Widely considered one of the most influential musicians of the 20th century, Miles Davis was, with his musical groups, at the forefront of several major developments in jazz music, including bebop, cool jazz, hard bop, modal jazz, and jazz fusion. Many well-known musicians rose to prominence as members of Davis' ensembles",2339434
Eartha Kitt,"Eartha Mae Kitt (January 17, 1927 - December 25, 2008), was an American actress, singer, and cabaret star. She was perhaps best known for her 1953 Christmas song Santa Baby. Orson Welles once called her the ""most exciting woman in the world"". She took on the role of Catwoman for the fourth season of the 1960s Batman TV series, replacing Julie Newmar who was unavailable for the final series.

Born in tiny North, South Carolina to Mamie Kitt, who was of Cherokee and African-American descent",1091616
Billie Holiday,"Billie Holiday (Eleanora Fagan Gough, Philadelphia, PA, April 7, 1915 – New York City, NY, July 17, 1959) was an American jazz singer and songwriter.

Nicknamed Lady Day by her loyal friend and musical partner Lester Young, Holiday was a highly original influence on jazz and pop singing. Her vocal style, strongly inspired by jazz instrumentalists, pioneered a new way of manipulating phrasing and tempo. Above all, she was admired for her deeply personal and intimate approach to singing.",2312087
Frank Sinatra,"Francis Albert Sinatra (December 12, 1915 – May 14, 1998) was an American singer, actor, and producer who was one of the most popular and influential musical artists of the 20th century. He is one of the best-selling music artists of all time, having sold more than 150 million records worldwide. 

Born in Hoboken, New Jersey, to Italian immigrants, Sinatra began his musical career in the swing era with bandleaders Harry James and Tommy Dorsey. Sinatra found success as a solo artist after he signed with Columbia Records in 1943",4776626
George Benson,"George Benson is a jazz guitarist born in Pittsburgh, Pennsylvania, USA on 22 March 1943. He started out playing straight-ahead instrumental jazz with organist Jack McDuff. Benson got his first experience playing with his several-year stint with McDuff's group. In 1964, at the age of 21, Benson recorded his first album as leader, The New Boss Guitar, with Brother Jack McDuff on organ.

Benson's next recording was It's Uptown with the George Benson Quartet with Lonnie Smith on organ and Ronnie Cuber on baritone sax.",1108771
John Coltrane,"John William Coltrane (Hamlet, North Carolina, September 23, 1926  – Huntington, New York, July 17, 1967) was an American jazz  saxophonist and composer.

American jazz great John Coltrane emerged in the 1950s, playing tenor and soprano sax with Dizzy Gillespie, Miles Davis and Thelonious Monk. A leader of ""hard bop"", in the 1960s he led his own groups and changed the face of jazz with experimentation and improvisation, his later recordings reflecting his belief that music was a form of spiritual expression.",1716548
João Gilberto,"João Gilberto (João Gilberto Prado Pereira de Oliveira, Juazeiro, Bahia, Brazil, June 10, 1931 - July 6, 2019) was a Brazilian singer, acoustic guitarist and ocasional songwriter, considered one of the creators of bossa nova with Antônio Carlos Jobim and Vinícius de Moraes. One of his most famous nicknames is ""Pai da Bossa Nova"" (Father of Bossa Nova).

A self-taught guitarist and singer, Gilberto moved to Rio de Janeiro in 1950 and joined the vocal group Garotos da Lua (""The Boys of the Moon"") as their lead singer.",858092
The Andrews Sisters,"The Andrews Sisters were a group of singing sisters: LaVerne Andrews (contralto; July 6, 1911-May 8, 1967), Maxene Andrews (high harmony; January 3, 1916-October 21, 1995) and Patty Andrews (lead; February 16, 1918-January 30, 2013). All were born in Minnesota, United States to a Greek immigrant father and a Norwegian American mother.

“Patty Andrews, the lead singer of the Andrews sisters group was born in Mound, Minnesota on February 16, 1918 in a house that occupied the property where The Gillespie Center stands today.",575778
Chet Baker,"Chesney Henry ""Chet"" Baker, Jr. (December 23, 1929 – May 13, 1988) was an American jazz trumpeter, flugelhornist and vocalist.
Baker earned much attention and critical praise through the 1950s, particularly for albums featuring his vocals (Chet Baker Sings, It Could Happen to You). Jazz historian David Gelly described the promise of Baker's early career as ""James Dean, Sinatra, and Bix, rolled into one."" His well-publicized drug habit also drove his notoriety and fame",1806323
Karen Souza,"While Karen Souza´s voice may sound like it was made for jazz, she is in fact a relative newcomer to this genre of music. Her career began under various psydeonymns as she provided vocal support to a number of electronic music producers and was part of several International House hits. 

She can be found singing under these pseudonymns on albums such as Pacha Ibiza, FTV (FashionTV), Paris Dernier, Hotel Costes and Privé. She had just begun to flirt",227586
Tulus,"There are multiple artists under the name Tulus

1.  Tulus is a Norwegian  Black Metal Band , formed in 1991 in Oslo. It later evolved into the band Khold. After Khold went on hold in 2006, Blodstrup and Sarke resurrected Tulus. Tulus has a “fourth member”: Blodstrup’s wife, Hildr (Hilde Nymoen), who writes all lyrics for both Tulus and Khold.

2. Tulus (born Muhammad Tulus; August 20, 1987 in Bukittinggi, West Sumatera, Indonesia), is an Indonesian pop jazz singer from Bandung, Indonesia.",98135
Kenny G,"Kenneth Bruce Gorelick (born June 5, 1956 in Seattle, WA), better known by his stage name Kenny G, is a Grammy winning American saxophonist. His fourth album, Duotones, brought him breakthrough success in 1986. Kenny G's main instrument is the soprano saxophone, but he also on occasion plays alto and tenor saxophone. He started playing the saxophone when he was 10 years old, in 1966. 

Kenny G has long been the musician many jazz listeners love to hate.",585997
Jamie Cullum,"Jamie Cullum (born 20 August 1979) is an English jazz singer-songwriter, and multi-instrumentalist. Though he is a primarily a vocalist, he also accompanies himself on instruments including piano, guitar and drums.

Cullum was born in Romford, East London. He was brought up in Hullavington, Wiltshire, and educated at the independent fee-paying Grittleton House School and the sixth form at Sheldon School. He then went on to study English Literature, and minored in Film Studies, at Reading University where he graduated with First Class Honours.",1326763
Paloma Faith,"Paloma Faith (born Paloma Faith Blomfield born in Hackney, London on July 21, 1981) is an English singer and actress. Her music is influenced by soul and jazz and her singing style has been compared favourably to that of Amy Winehouse and Duffy.

Her debut single, Stone Cold Sober, was released in June 2009 and entered the British charts at number 17, while her second single New York reached number 15. Her debut album Do You Want the Truth or Something Beautiful? was released on 28 September 2009",1164581
Stan Getz,"Stan Getz (Stanley Gayetzky, February 2, 1927  Philadelphia   –  June 6, 1991 Malibu, California) was an American jazz tenor saxophone player. Known as ""The Sound"" because of his warm, lyrical tone, Getz's prime influence was the wispy, mellow tone of his idol, Lester Young.

His parents were Ukrainian Jews who immigrated from Kyiv city, Ukraine in 1903. The family later moved to New York City for better jobs. Stan worked hard in school receiving straight ""A's"" on average and finished 6th grade close to the top of his class.",1550163
Carla Bruni,"Carla Bruni-Sarkozy (born Carla Gilberta Bruni Tedeschi, December 23, 1967 in Turin, Italy) is an Italian-born, naturalized French songwriter, singer, former model and the spouse of the former president of France, Nicolas Sarkozy.

 At the age of 5, her family left for Paris. When she was 19, she decided to stop studying art and architecture, to become a full-time model.

She was a very successful fashion model until 1998. Since then she has devoted herself to chanson.",973286
Black Gryph0n,"Gabriel C. Brown (born February 2nd, 1990) is an American singer-songwriter, actor, and animator. In My Little Pony Friendship is Magic, he is an uncredited background choir vocalist, singing in songs for season five and My Little Pony Equestria Girls: Friendship Games. Brown first became involved in the series through fellow voice actor Michelle Creber, with whom Brown shares the same voice-acting agent. Following his audition, he was cast as a choir singer and lent his vocals to In Our Town.",271842
Zaz,"Isabelle Geffroy, born 1 May 1980, known by the pseudonym ZAZ, is a singer from Tours, France, who blends the styles nu jazz, soul and acoustic in her music.

In 2001, she started her singing career in the blues band ""Fifty Fingers"". She sang in musical groups in Angoulême, especially in a jazz quintet. She became one of the four singers of Izar-Adatz (Shooting Star), a variety band which consisted of sixteen people with whom she toured for two years, especially in the Midi-Pyrenees and the Basque Country.",570227
Rubén Blades,"Rubén Blades (born July 16, 1948) is a Panamanian salsa singer, songwriter, actor and politician. As songwriter, Blades brought the lyrical sophistication of South American nueva canción and Cuban nueva trova to salsa, creating thinking persons' dance music. He remains wildly popular in that country and much admired throughout Latin America, and he managed to attract 20% of the vote in his failed attempt to win the Panamanian presidency in 1994.",174835
Buena Vista Social Club,"Buena Vista Social Club was a musical ensemble primarily made up of Cuban musicians, formed in 1996. The project was organized by World Circuit executive Nick Gold, produced by American guitarist Ry Cooder and directed by Juan de Marcos González. They named the group after the members' club of the same name in the Buenavista quarter of Havana, a popular music venue in the 1940s. To showcase the popular styles of the time, such as son, bolero and danzón, they recruited a dozen veteran musicians, some of whom had been retired for many years.",1038995
Diana Krall,"Diana Krall was born into a musical family in Nanaimo, British Columbia, Canada (on November 16, 1964). She began learning the piano at the age of four. In high school, she started playing in a small jazz group. At the age of fifteen, she started playing regularly in several Nanaimo restaurants. She also spent some time in Toronto studying with Canadian Jazz great, Don Thompson (Bass/Piano) and with the  support of the Canada Council for the Arts she moved to the U.S to continue studies and develop her career.",1337806
Nina Simone,"Eunice Kathleen Waymon (21 February 1933 – 21 April 2003), better known by her stage name Nina Simone, was an American singer, pianist, arranger, and civil rights activist widely associated with jazz music. Simone aspired to become a classical pianist while working in a broad range of styles including classical, jazz, blues, soul, folk, rhythm and blues, gospel, and pop.

Simone was born Eunice Kathleen Waymon on 21st February 1933 in Tryon, North Carolina, USA, one of eight children.",2904130
Nat King Cole,"Nat ""King"" Cole (March 17th 1919–February 15th  1965) was a popular American singer and jazz musician. 

As a piano player, he formed a jazz trio in 1938 that played Los Angeles nightclubs, one of the first jazz trios featuring guitar and piano. Prior to this he had played music since he was a child and had worked with bands since he was sixteen. He was raised in Chicago and exposed to the abundant jazz scene there. He was heavily influenced by pianist Earl ""Fatha"" Hines.",2947028
Tony Bennett,"Anthony Dominick Benedetto, known professionally as Tony Bennett, was an American singer of traditional pop standards, big band, show tunes and jazz. He is also a painter, having created works under his birth name that are on permanent public display in several institutions. He is the founder of the Frank Sinatra School of the Arts in Astoria, Queens, New York.

Bennett began singing at an early age. He fought in the final stages of World War II as a U.",1721033
Etta James,"Etta James (1938-2012) was a U.S.  blues, soul, R&B, rock & roll, and jazz singer and songwriter. She is the winner of four Grammies, seventeen Blues Music Awards, and was inducted into the Rock & Roll Hall of Fame (in 1993), the Blues Hall of Fame (in 2001), and the Grammy Hall of Fame (in both 1999 and 2008).

James was born Jamesetta Hawkins in Los Angeles, California, on 25th January 1938, to an unmarried fourteen-year-old mother, Dorothy Hawkins.",2213479
Louis Armstrong,"Louis Armstrong (August 4, 1901 - July 6, 1971) nicknamed Satchmo or Pops, was an American jazz trumpeter and singer from New Orleans, Louisiana.
Coming to prominence in the 1920s as an inventive trumpet and cornet player, Armstrong was a foundational influence in jazz, shifting the focus of the music from collective improvisation to solo performance. With his instantly-recognizable gravelly voice, Armstrong was also an influential singer, demonstrating great dexterity as an improviser",2933200
Ray Charles,"Ray Charles (Ray Charles Robinson,  Albany, Georgia, September 23, 1930 - Beverly Hills, California, June 10, 2004), was an American singer-songwriter, musician, arranger, and band leader. 

As a rock and roll, rhythm & blues, soul, blues, jazz, country and pop musician he helped to shape the sound of rhythm & blues.

He brought a soulful sound to everything from country music (""I Can't Stop Loving You"") to rock and roll (""Mess Around""), to pop standards to a now-iconic rendition of ""America the Beautiful.",2756276
Eliza Doolittle,"Eliza Sophie Caird (born 15 April 1988), better known by her stage name Eliza Doolittle, is an English singer songwriter from London. She signed to the Parlophone record label in October 2008. Her debut, self-titled album, Eliza Doolittle was released on 12 July 2010. On debut it was number 3 in the UK charts. Since the album's release, Doolittle has had another two of her records hit the top 25 charts, including her single Skinny Genes. Doolittle's second single",430534
Robbie Williams,"Robert Peter Williams (born 13 February 1974) is an English singer and songwriter. He found fame as a member of the pop group Take That from 1990 to 1995, and achieved commercial success after launching a solo career in 1996. His debut studio album, Life thru a Lens, was released in 1997, and included his signature song, ""Angels"". His second album, I've Been Expecting You, featured the songs ""Millennium"" and ""She's the One"", his first number one singles.",2785479
"Earth, Wind & Fire","Earth, Wind & Fire (EW&F or EWF) is an American band whose music spans the genres of jazz, R&B, soul, funk, disco, pop, Latin, and Afro-pop. They are among the best-selling bands of all time, with sales of over 90 million records worldwide. The band was formed in Chicago by Maurice White in 1969, growing out of the Salty Peppers. Prominent members have included Verdine White, Philip Bailey, Ralph Johnson, Larry Dunn, Al McKay, Roland Bautista, Robert Brookins, Sonny Emory, Fred Ravel, Ronnie Laws, Sheldon Reynolds, and Andrew Woolfolk.",2840840
Antônio Carlos Jobim,"Antônio Carlos Brasileiro de Almeida Jobim (January 25, 1927 – December 8, 1994), also known as Tom Jobim, was a Brazilian composer, pianist, songwriter, arranger and singer. Widely considered as one of the great exponents of Brazilian music, Jobim internationalized bossa nova and, with the help of important American artists, merged it with jazz in the 1960s to create a new sound with remarkable popular success. As such he is sometimes known as the ""father of bossa nova"".",1126936
Ella Fitzgerald,"Ella Jane Fitzgerald (April 25, 1917 – June 15, 1996) was an American jazz vocalist with a vocal range spanning three octaves (D♭3 to D♭6). Often referred to as the ""First Lady of Song"" and the ""Queen of Jazz"" or just simply ""Lady Ella"", she was noted for her purity of tone, impeccable diction, phrasing and intonation, and a ""horn-like"" improvisational ability, particularly in her scat singing.
Fitzgerald was a notable interpreter of the Great American Songbook.",2872133
Dean Martin,"Dean Martin (born Dino Paul Crocetti; June 7, 1917 – December 25, 1995) was an American singer, actor, comedian, and producer. One of the most popular and enduring American entertainers of the mid-20th century, Martin was nicknamed the ""King of Cool"" for his seemingly effortless charisma and self-assurance. 

He and Jerry Lewis formed the immensely popular comedy duo Martin and Lewis, with Martin serving as the straight man to Lewis' slapstick hijinks.",2859283
Vince Guaraldi Trio,"The Vince Guaraldi Trio was a jazz group fronted by pianist and composer Vince Guaraldi. Most well-known in its acoustic piano-drums-bass configuration, the trio provided music for a number of animated productions of Charles M. Schulz's Peanuts comic strips. Guaraldi's distinctively breezy, bluesy, and melancholy jazz has become an indelible part of Peanuts' timeless legacy. Their soundtrack for the 1965 Christmas special, A Charlie Brown Christmas, is one of the biggest-selling and most critically successful Christmas albums of all time.",1206514
Leslie Odom Jr.,"Leslie Odom, Jr (born August 6, 1981) is an American actor and singer. He has performed on Broadway and in television and film, as well as in other theatrical productions. 
He is best known for the roles of Aaron Burr in the 2015 musical Hamilton and Sam Strickland in the 2013 musical television series Smash.",808237
Bing Crosby,"Harry Lillis ""Bing"" Crosby Jr. (/ˈkrɒzbi/; May 3, 1903 – October 14, 1977) was an American singer, comedian and actor. The first multimedia star, Crosby was a leader in record sales, radio ratings, and motion picture grosses from 1931 to 1954. His early career coincided with recording innovations that allowed him to develop an intimate singing style that influenced many male singers who followed him, including Perry Como, Frank Sinatra, Dick Haymes, and Dean Martin.",2037341
Muse,"Muse is an English rock band from Teignmouth, Devon, formed in 1994. The band consists of Matt Bellamy (lead vocals, guitar, keyboards), Chris Wolstenholme (bass guitar, backing vocals), and Dominic Howard (drums, percussion).

Muse released their debut album, ""Showbiz,"" in 1999, which featured Bellamy's falsetto and a melancholic alternative rock style. Their second album, ""Origin of Symmetry"" (2001), incorporated wider instrumentation and classical influences and contributed to their reputation for energetic live performances.",6228893
Green Day,"Green Day is an American rock band formed in Rodeo, California, in 1987, by lead singer and guitarist Billie Joe Armstrong and bassist and backing vocalist Mike Dirnt, with drummer Tré Cool joining in 1990. The band’s major-label debut, ""Dookie,"" released through Reprise Records in 1994, achieved commercial success, eventually shipping over 20 million copies in the United States, and has been credited with renewing mainstream interest in punk rock.",6411956
Keane,"Keane is an English alternative rock band from East Sussex, formed in 1995. They met while at Tonbridge School together. The band currently comprises Tom Chaplin (lead vocals, electric/acoustic guitar), Tim Rice-Oxley (piano, synthesisers, bass guitar, backing vocals), Richard Hughes (drums, percussion, backing vocals), and Jesse Quin (bass guitar, acoustic/electric guitar, backing vocals). Their original line-up included founder and guitarist Dominic Scott, who left in 2001.",3933769
Led Zeppelin,"Led Zeppelin were an English rock band formed in London in 1968. The group consisted of Robert Plant on vocals, Jimmy Page on guitar, John Paul Jones on bass and keyboards, and John Bonham on drums. Known for a heavy, guitar-based sound that drew from blues and folk traditions, they are widely regarded as a major influence on the development of hard rock and heavy metal. They became one of the best-selling music artists in history and helped shape album-oriented rock and stadium rock.",4833580
The Offspring,"The Offspring is a punk rock band formed in Huntington Beach, California, United States in 1984. From 1987 to 2003, the band's line-up included Dexter Holland (lead vocals, guitar), Noodles (lead and rhythm guitars, back vocals), Greg K. (bass, back vocals), and Ron Welty (drums, percussion), who was fired in 2003. Their current drummer is Brandon Pertzborn of Marilyn Manson who has been with the band since 2023. Greg K was fired from the band in 2018 and was replaced by Todd Morse.",4469590
AC/DC,"AC/DC are an Australian rock band formed in Sydney in 1973. Their music has been described as hard rock, blues rock, and heavy metal, though the band refers to it simply as ""rock and roll."" They are regarded as a significant influence on the new wave of British heavy metal and were inducted into the Rock and Roll Hall of Fame in 2003. With more than 200 million records sold worldwide, they are among the best-selling music artists in history.

AC/DC were founded by brothers Angus Young (lead guitar) and Malcolm Young (rhythm guitar)",4433598
Guns N' Roses,"Guns N' Roses is an American hard rock band formed in Los Angeles, California, in 1985 from L.A. Guns and Hollywood Rose. After signing with Geffen Records in 1986, the band's ""classic"" lineup featured vocalist Axl Rose, lead guitarist Slash, rhythm guitarist Izzy Stradlin, bassist Duff McKagan, and drummer Steven Adler.

The band gained a local following before releasing their debut album Appetite for Destruction (1987), which initially struggled until the breakout success of the Welcome to the Jungle music video.",5059296
Linkin Park,"Linkin Park is an American alternative rock band from Agoura Hills, California. The band's current lineup comprises of vocalist/rhythm guitarist/keyboardist Mike Shinoda, lead guitarist Brad Delson, bassist Dave Farrell, DJ/turntablist Joe Hahn, drummer Colin Brittain, and lead vocalist Emily Armstrong. Shinoda, Delson, Farrell and Hahn are founding members. Vocalists Mark Wakefield, Chester Bennington & drummer Rob Bourdon are former members of the band.",6739286
Andrés Calamaro,"Andres Calamaro is one of the most popular Argentinian pop-rock songwriters. A songs craftsman, as he likes to consider himself.

Born Aug 22, 1961 in Buenos Aires, Argentina, he began his professional musical career at the age of 17 playing keyboards in Raíces.
In 1981 he incorporated to one of the main bands of the Argentinean '80s rock scene: Los Abuelos de la Nada. Although the band was led by the brilliant Miguel Abuelo, Calamaro composed most of the band's hits",441434
Nirvana,"There are multiple artists tracked as ""Nirvana"" on Last.fm. Following are six, listed in order of prominence:

1) Nirvana was a popular and highly influential American grunge band. The band formed in Aberdeen, Washington in 1987, and it was part of the Seattle grunge scene of the late 80s, alongside bands like Pearl Jam, Alice in Chains and Soundgarden. As their popularity rose, alternative rock became a dominant genre on American and Canadian radio and music television during the early-to-mid '90s.",7346008
David Bowie,"David Robert Jones (8 January 1947 – 10 January 2016), known professionally as David Bowie, was an English singer-songwriter and actor. A leading figure in the music industry, he is regarded as one of the most influential musicians of the 20th century. Bowie was acclaimed by critics and musicians, particularly for his innovative work during the 1970s. His career was marked by reinvention and visual presentation, and his music and stagecraft had a significant impact on popular music.",5434976
Pink Floyd,"Pink Floyd are an English rock band formed in London in 1965 by Syd Barrett (guitar, vocals), Nick Mason (drums), Roger Waters (bass guitar, vocals) and Richard Wright (keyboards, vocals), with David Gilmour (guitar, vocals) joining at the end of 1967. Gaining an early following as one of the first British psychedelic groups, they were distinguished by their extended compositions, sonic experiments, philosophical lyrics, and elaborate live performances, and became a leading progressive rock band.",5397404
Hombres G,"Spanish pop/rock foursome Hombres G was formed by ex-los Residuos guitarist Daniel Mezquita, drummer Javier Molina, and singer/bassist David Summers, soon joined by guitarist Rafael Gutierrez. The band's name was based on an American movie called G-Men. Hombres G made its live debut at Madrid's Rockola, recording a demo called Milagro En El Congo in 1984. They soon signed up to the independent label Twins to make their debut album, featuring a catchy song called ""Devuelveme A Mi Chica,"" which became their first hit.",501342
The Cranberries,"The Cranberries were an Irish rock band formed in Limerick in 1989. The group consisted of lead vocalist and guitarist Dolores O’Riordan, guitarist Noel Hogan, bassist Mike Hogan, and drummer Fergal Lawler. O’Riordan joined the band in 1990, replacing founding member Niall Quinn, and the group’s name was shortened from The Cranberry Saw Us to The Cranberries following her arrival. Although primarily classified as an alternative rock band, their music incorporated elements of indie rock",4570234
Bunbury,,147390
Café Quijano,"Café Quijano is a Spanish Pop group. It is made up of three brothers: Manuel, Óscar, and Raúl, all of whom are signers. They live in León where, in the center of the city they manage the club ""La Lola"" with their father. Besides having published 4 cd' s with great success, they have collaborated with Disney for soundtracks and have been in promotional photos of Castilla y León for tourism in the region.",100981
The Killers,"There are multiple artists using this name:

1. The Killers is an American rock band from Las Vegas, Nevada, formed in 2001. 
They got the name from the fictional band The Killers in the video for New Order's song Crystal. 
As of 2021, the band has released six studio albums, which have sold 28 million records worldwide. 

The Early Years
Initially, The Killers played at large clubs in Las Vegas. With the band's line-up stable and their repertoire of songs expanding",6770343
The Rolling Stones,"The Rolling Stones is an English rock band formed in London in 1962. Active for six decades, they are one of the most popular and enduring bands of the rock era. In the early 1960s, the Rolling Stones pioneered the gritty, rhythmically driven sound that came to define hard rock. Their first stable line-up consisted of vocalist Mick Jagger, multi-instrumentalist Brian Jones, guitarist Keith Richards, bassist Bill Wyman, and drummer Charlie Watts. During their formative years",5707923
U2,"U2 are an Irish rock band formed in Dublin in 1976. The group comprises Bono (lead vocals and rhythm guitar), the Edge (lead guitar, keyboards, and backing vocals), Adam Clayton (bass guitar), and Larry Mullen Jr. (drums and percussion). Initially rooted in post-punk, U2's musical style has evolved throughout their career, yet has maintained an anthemic quality built on Bono's expressive vocals and the Edge's chiming, effects-based guitar sounds. Bono's lyrics",4946310
Julieta Venegas,"Julieta Venegas (born November 24, 1970) is a successful Mexican singer and songwriter of Latin music. She was born in Long Beach, California, but raised in Tijuana, Baja California and has a twin sister Yvonne who is a photographer. She was a former member of the band ""Tijuana No"". Julieta plays numerous instruments including acoustic guitar, accordion, and keyboard. She won the 2004 Latin Grammy for Best Vocal Rock Album (Sí).
Albums. She is radicated in Mexico City",779286
The Beatles,"The Beatles were an English rock band formed in Liverpool, Merseyside in 1960. With the line-up comprising John Lennon, Paul McCartney,  George Harrison, and Ringo Starr, they are regarded as the most popular and influential band of all time. The group were integral to the development of 1960s counterculture and popular music's recognition as an art form. Rooted in skiffle, beat and 1950s rock and roll, their sound incorporated elements of classical",6347849
Bon Jovi,"Bon Jovi is an American rock band formed in 1983 in Sayreville, New Jersey. It consists of singer Jon Bon Jovi, keyboardist David Bryan, drummer Tico Torres, guitarist Phil X, and bassist Hugh McDonald. Original bassist Alec John Such quit the band in 1994, and longtime guitarist and co-songwriter Richie Sambora left in 2013. The band has been credited with ""[bridging] the gap between heavy metal and pop with style and ease"".

In 1984 and 1985, Bon",4126028
Tame Impala,"Tame Impala is the psychedelic music project of Australian multi-instrumentalist Kevin Parker, blending rock, pop, and electronic sounds with lush production and introspective lyrics. Their discography includes Innerspeaker (2010), Lonerism (2012), Currents (2015), The Slow Rush (2020), and Deadbeat (2025). As a touring act, Tame Impala consists of Parker (guitar, vocals), Dominic Simper (guitar, synthesiser), Jay Watson (synthesiser, vocals, guitar), Cam Avery (bass guitar, vocals), and Julien Barbagallo (drums, vocals).",4053943
R.E.M.,"R.E.M. was an American alternative rock band from Athens, Georgia, formed in 1980 by drummer Bill Berry, guitarist  Peter Buck, bassist/backing vocalist  Mike Mills, and lead vocalist  Michael Stipe. One of the first alternative rock bands, R.E.M. was noted for Buck's ringing, arpeggiated guitar style, Stipe's distinctive vocal quality and obscure lyrics, Mills's melodic bass lines and backing vocals, and Berry's tight, economical style of drumming.",4272137
Queen,"Queen are a British rock band formed in London in 1970 by Freddie Mercury (lead vocals, piano), Brian May (guitar, vocals), and Roger Taylor (drums, vocals), later joined by John Deacon (bass). Their earliest works were influenced by progressive rock, hard rock, and heavy metal, but the band gradually ventured into more conventional and radio-friendly styles by incorporating elements of arena rock and pop rock.

Before forming Queen, May and Taylor had played together in the band Smile.",7052203
The Police,"The Police was a rock band which formed in 1977 in London, England. The band consisted of Sting (vocals, bass), Andy Summers (guitar) and Stewart Copeland (drums).  The band released five albums -- ""Outlandos d'Amour"" (1978), ""Reggatta de Blanc"" (1979), ""Zenyatta Mondatta"" (1980), ""Ghost in the Machine"" (1982) and ""Synchronicity"" (1983) -- before entering a hiatus in 1984 and ultimately disbanding in 1986

The band reunited in January 2007 for a reunion tour that lasted until August 2008.",4395188
Imagine Dragons,"Imagine Dragons is an American pop band formed in 2008, based in Las Vegas, Nevada. The band currently consists of lead singer Dan Reynolds, guitarist Wayne Sermon, and bassist Ben McKee. 

They first gained exposure with the release of their single ""It's Time"", followed by their debut album Night Visions (2012), which resulted in the chart-topping singles ""Radioactive"" and ""Demons"". 

Rolling Stone named ""Radioactive"", which held the record for most weeks charted on the Billboard Hot 100, the ""biggest rock hit of the year"".",3948207
Radiohead,"Radiohead is an English rock band formed in Abingdon, Oxfordshire, in 1985. The band consists of Thom Yorke (vocals, guitar, piano, keyboards); brothers Jonny Greenwood (guitar, keyboards, other instruments) and Colin Greenwood (bass); Ed O'Brien (guitar, backing vocals); and Philip Selway (drums, percussion). Since 1994, they have frequently collaborated with producer Nigel Godrich and cover artist Stanley Donwood. Radiohead are noted for their experimental approach, which has influenced the development of alternative rock.",8014756
Dire Straits,"Dire Straits were a British rock band formed in London in 1977 by Mark Knopfler (lead vocals and lead guitar), David Knopfler (rhythm guitar and backing vocals), John Illsley (bass guitar and backing vocals), and Pick Withers (drums and percussion). They were active from 1977 to 1988 and again from 1990 to 1995.

Their first single, ""Sultans of Swing"", from their 1978 self-titled debut album, reached the top ten in the UK and US charts. It was followed by a series of hit singles including ""Romeo and Juliet"" (1981)",3420032
Billy Joel,"Billy Joel (born William Martin Joel on May 9, 1949 in Bronx, New York, USA) is an American pianist, singer-songwriter, and composer. Since releasing his first hit song, ""Piano Man,"" in 1973, Joel has become a multi-million-selling recording artist. Joel recorded many popular hit songs and albums from 1971 until he stopped recording pop/rock music in 1993. He is one of the very few rock (or even pop) artists to have Top 10 hits in the '70s, '80s, and '90s.",3917167
Phil Collins,"Philip David Charles Collins (born 30 January 1951) is an English singer, musician, songwriter, record producer and actor. He was the drummer and lead singer of the rock band Genesis and also has a career as a solo performer. Between 1982 and 1990, Collins scored three UK and seven US number-one singles as a solo artist. When his work with Genesis, his work with other artists, as well as his solo career is totalled, he had more US top 40 singles than any other artist during the 1980s.",3129130
Juanes,"Juan Esteban Aristizábal Vásquez (born August 9, 1972), best known as Juanes, is a rock musician from Medellín, Colombia. When he was younger, his father started calling him Juanes, rather than Juan, a contraction of his two first names Juan and Esteban. As his friends grew to know him by this name, he chose to keep it for his musical career, which started when he, Andrés García, Fernando ""Toby"" Tobón and José David Lopera, formed the rock band Ekhymosis in 1988.",1171691
Elvis Presley,"Elvis Aaron Presley (January 8, 1935 – August 16, 1977) was an American singer and actor. Regarded as one of the most significant cultural icons of the 20th century, he is often referred to as the ""King of Rock and Roll"" or simply ""the King"".

Presley was born in Tupelo, Mississippi, and relocated to Memphis, Tennessee, with his family when he was 13 years old. His music career began there in 1954, recording at Sun Records with producer Sam Phillips, who wanted to bring the sound of African American music to a wider audience.",4371311
Maroon 5,"Maroon 5 is an American pop rock band that originated in Los Angeles, California, United States. The group was formed in 1994 as Kara's Flowers while its members were still in high school and originally consisted of Adam Levine (lead vocals, guitar), Jesse Carmichael (guitar, backing vocals) Mickey Madden (bass guitar) and Ryan Dusick (drums). Kara's Flowers signed to Reprise Records and released an album, ""The Fourth World"", in 1997. After a tepid response to the album",6442262
Maná,"There is more than one artist with this name:

1) Maná (note the accent) is a Mexican  rock  group that had its origins near the end of the 1970s in Guadalajara, Jalisco, México. Their sound has strong influences from hard rock and more mellow pop sounds with additional influences from calypso and reggae. They started with the name ""Sombrero Verde"", but in the late 80's it was changed to the current name. They have a long trajectory as musicians and the band underwent two lineup changes in the 90's.",818403
Jarabe De Palo,"Jarabe de Palo (literally ""Wooden Stick Syrup"" or, after the Spanish expression ""dar un jarabe de palo"", i.e. a ""hell of a beating""), was a Spanish rock band founded in 1996. The group was led by singer, songwriter, and guitarist Pau Donés, whose death in 2020 caused the band to break up.

Pau Donés, born and raised in Barcelona, worked for various groups before being able to take on his current project, Jarabe de Palo. He began at age 15 with his brother Marc, with whom he formed a group known as J.",568607
Red Hot Chili Peppers,"The Red Hot Chili Peppers is an American rock band formed in Los Angeles in 1982, consisting of Anthony Kiedis (vocals), Flea (bass), John Frusciante (guitar), and Chad Smith (drums). Their music blends elements of alternative rock, funk, punk rock, hard rock, hip hop, and psychedelic rock, and they have influenced genres such as funk metal, rap metal, rap rock, and nu metal. With over 120 million records sold worldwide, the Red Hot Chili Peppers are among the best-selling bands in history.",7079035
